full_name,birthdate,deathdate,birthplace,birthyear,deathyear
Sister Mary Nicholas Arnoldy,"March 7, 1893","September 28, 1985","Tipton, Kansas",1893,1985.0
Beatrice Liberty Hagen,"July 4, 1899","July 22, 1987","Barton County, near Ellinwood, Kansas",1899,1987.0
Anna Margaret Mullikin,"March 7, 1893","August 24, 1975","Baltimore, Maryland",1893,1975.0
Mary Frances Winston Newson,"August 7, 1869","December 5, 1959","Forreston, Illinois",1869,1959.0
Annie Louise MacKinnon Fitch,"June 1, 1868","September 12, 1940","Woodstock, Ontario, Canada",1868,1940.0
R. Lucile Anderson,"October 22, 1900","February 18, 1999","Jamestown, New York",1900,1999.0
Margaret Gurney,"October 28, 1908","March 19, 2002","Washington, D.C.",1908,2002.0
Florence Parthenia Lewis,"September 24, 1877","March 10, 1964","Fort Scott, Kansas",1877,1964.0
Bess Marie Allen (Eversull),"May 18, 1899","March 18, 1978","Elmwood Place, Ohio",1899,1978.0
Marie Johanna Weiss,"September 21, 1903","August 19, 1952","Eugene, California",1903,1952.0
Nina May Moore (Alderton),"August 19, 1890","November 23, 1973","Berkeley Springs, West Virginia",1890,1973.0
Irene Price,"January 16, 1902","March 13, 1999","Parr, Indiana",1902,1999.0
Esther Ober McCormick Torrance,"August 12, 1909","January 3, 1978","Fort Wayne, Indiana",1909,1978.0
Emily Kathryn Wyant,"January 16, 1897","July 16, 1942","Ipava, Illinois",1897,1942.0
Emily McCoy Pixley,"August 19, 1904","August 28, 2000","Knoxville, Tennessee",1904,2000.0
Helen Abbot Merrill,"March 30, 1864","May 2, 1949","Orange, New Jersey",1864,1949.0
Mabel Minerva Young,"July 18, 1872","March 4, 1963","Worcester, Massachusetts",1872,1963.0
Josephine Hughes Chanler,"April 7, 1906","December 23, 1992","St. Louis, Missouri",1906,1992.0
Bella Manel Greenfield,"October 13, 1915","April 3, 2010",New York City,1915,2010.0
Mildred Leonora Sanderson,"May 12, 1889","October 15, 1914","Waltham, Massachusetts",1889,1914.0
Beulah May Armstrong,"November 18, 1895","February 22, 1965","Sterling, Kansas",1895,1965.0
Harriet Bonner (Rees),"July 16, 1914","June 28, 1978","Mt. Morris, Illinois",1914,1978.0
Abba Verbeck Newton,"February 19, 1908","May 5, 1996","Ballston Spa, New York",1908,1996.0
Margarete Caroline Hopkins (née Wolf),"November 3, 1911","April 3, 1998","Milwaukee, Wisconsin",1911,1998.0
Mary Florence Curtis Graustein,"April 12, 1884","July 18, 1972","Westminster, Massachusetts",1884,1972.0
Anna Helen Tappan,"October 22, 1888","November 10, 1971","Mount Pleasant, Iowa",1888,1971.0
Mary Virginia Landers (née Kenny),"February 5, 1905","November 18, 1990","Fall River, Massachusetts",1905,1990.0
Margaret Buchanan Cole,"August 18, 1885","September 10, 1959","Clinton, Pennsylvania",1885,1959.0
Caroline Eustis Seely,"August 3, 1887","May 17, 1961","Delhi, New York",1887,1961.0
Martha Eldora Hathaway Williams,"January 25, 1914","July 22, 1989","Montclair, New Jersey",1914,1989.0
Elizabeth Buchanan Cowley,"May 22, 1874","April 13, 1945","Allegheny, Pennsylvania",1874,1945.0
Sister Mary Cleophas Garvin,"December 11, 1899","January 16, 1990","Vickery, Ohio",1899,1990.0
Olive Margaret Hughes,"December 13, 1899","December 29, 1936","London, England",1899,1936.0
Dorothy Manning Smiley Little,"October 6, 1909","October 18, 1988","Champaign, Illinois",1909,1988.0
Gertrude Stith Ketchum,"August 4, 1903","September 27, 1958","near Nunez, Georgia",1903,1958.0
Sallie Elizabeth Pence,"September 5, 1893","July 26, 1989","Lexington, Kentucky",1893,1989.0
Mary Elizabeth Haller,"June 15, 1901","June 16, 1970","Cumberland, Maryland",1901,1970.0
Josephine Alberta Robinson Roe,"May 5, 1858","April 29, 1946","Meredith, New Hampshire",1858,1946.0
Grace Marie Bareis,"December 19, 1875","June 15, 1962","Canal Winchester, Ohio",1875,1962.0
Julia May Dale,"October 16, 1893","January 13, 1936","Shelbyville, Kentucky",1893,1936.0
Lulu Bechtolsheim,"May 27, 1902","August 29, 1989","New York City, USA",1902,1989.0
Marion Elizabeth Stark,"August 23, 1894","April 15, 1982","Norwich, Connecticut",1894,1982.0
Susan Miller Rambo,"April 3, 1883","January 7, 1977","Easton, Pennsylvania",1883,1977.0
Marion Ballantyne White,"March 28, 1871","January 30, 1958","Peoria, Illinois",1871,1958.0
Alta Harriet Odoms Gray,"October 1, 1910","December 30, 2001","Fredonia, Indiana",1910,2001.0
Mary Evelyn Wells,"August 20, 1881","October 7, 1965","LeRaysville, Pennsylvania",1881,1965.0
Olive Clio Hazlett,"October 27, 1890","March 8, 1974","Cincinnati, Ohio",1890,1974.0
Mary Shore Hull,"June 1, 1882","September 18, 1952","Wentzville, Missouri",1882,1952.0
Elizabeth Baxter,"June 8, 1906","April 14, 1966","Ann Arbor, Michigan",1906,1966.0
Anne Lucy Bosworth Focke,"September 29, 1868","May 15, 1907","Woonsocket, Rhode Island",1868,1907.0
Anna Johnson Pell Wheeler,"May 5, 1883","March 26, 1966","Calliope (now Hawarden), Iowa",1883,1966.0
Constance Juliet Ballantine,"August 15, 1896","January 14, 1974","Lincoln, Nebraska",1896,1974.0
Anna Adelaide Stafford Henriques,"August 20, 1905","November 28, 2004","Chicago, Illinois",1905,2004.0
Marjorie Louise Beaty (Heckel),"January 21, 1906","July 18, 2002","Buffalo, New York",1906,2002.0
Deborah May Hickey Maria,"December 16, 1904","June 8, 2001","Lumberton, Mississippi",1904,2001.0
Evelyn Prescott Wiggin Casner,"March 1, 1900","November 5, 1964","Stratham, New Hampshire",1900,1964.0
Ethel Louise Anderton,"September 23, 1888","February 19, 1971","Dover, New Hampshire",1888,1971.0
Caroline Avery Lester,"April 6, 1902","December 29, 1996","Seneca Falls, New York",1902,1996.0
Gillie Aldah Larew,"July 28, 1882","January 2, 1977","Near Newbern, Pulaski County, Virginia",1882,1977.0
Frances Harshbarger,"August 16, 1902","February 11, 1987","Quimby, Iowa",1902,1987.0
Sister Mary Felice Vaudreuil,"August 20, 1894","October 27, 1978","Chippewa Falls, Wisconsin",1894,1978.0
Madeline Early (Levin),"April 1, 1912","January 20, 2001","Brooklyn, New York",1912,2001.0
Ida Martha Metcalf,"August 26, 1856","October 24, 1952",Texas,1856,1952.0
Mildred Marie Sullivan,"November 16, 1907","August 30, 1958","Boston, Massachusetts",1907,1958.0
Aline Huke Frink,"March 2, 1904","March 14, 2000","Torrington, Connecticut",1904,2000.0
Virginia Modesitt Reklis,"June 15, 1910","November 29, 2000","Bloomington, Indiana",1910,2000.0
Anna Lavinia Van Benschoten,"August 12, 1866","September 18, 1927","Elmira, New York",1866,1927.0
Andrewa Rebecca Noble,"March 28, 1908","November 21, 1993","Oregon City, Oregon",1908,1993.0
Emilie Norton Martin,"December 30, 1869","February 8, 1936","Elizabeth, New Jersey",1869,1936.0
Eugenie Maria Morenus,"February 21, 1881","October 15, 1966","Cleveland, New York",1881,1966.0
Winifred Haring Edgerton Merrill,"September 24, 1862","September 6, 1951","Ripon, Wisconsin",1862,1951.0
Christine Ladd-Franklin,"December 1, 1847","March 5, 1930","Windsor, Connecticut",1847,1930.0
Goldie Printis Horton Porter,"September 4, 1887","May 11, 1972","Athens, Texas",1887,1972.0
Claribel Kendall,"January 23, 1889","April 17, 1965","Denver, Colorado",1889,1965.0
Fay Farnum,"August 24, 1888","March 11, 1977","Spencer, Iowa",1888,1977.0
Dora McFarland,"April 18, 1895","November 26, 1987","near Aledo, Illinois",1895,1987.0
Mina Spiegel Rees,"August 2, 1902","October 25, 1997","Cleveland, Ohio",1902,1997.0
Elizabeth Audrey Wishard McMillan,"July 7, 1914","January 10, 2008","Jubbulpore, India",1914,2008.0
May Margaret Beenken,"October 22, 1901","December 21, 1988","Philadelphia, Pennsylvania",1901,1988.0
Helen Barton,"August 9, 1891","March 19, 1971","Baltimore, Maryland",1891,1971.0
Harriet Frances Montague,"June 9, 1905","March 19, 1997","Buffalo, New York",1905,1997.0
Ruth Wyckliffe Stokes,"October 12, 1890","August 27, 1968","Greenville, South Carolina",1890,1968.0
Euphemia Richardson Worthington,"December 22, 1881","August 30, 1969","Troy, New York",1881,1969.0
Anna Marie Whelan,"September 6, 1895","June 14, 1966","Baltimore, Maryland",1895,1966.0
Antoinette Marie Huston (née Killen),"November 23, 1904","July 13, 1993","Chicago, Illinois",1904,1993.0
Bessie Irving Miller,"November 4, 1884","February 4, 1931","Baltimore, Maryland",1884,1931.0
Mary Gertrude Haseman,"March 6, 1889","April 9, 1979","Linton, Indiana",1889,1979.0
Henrietta Pearl Terry Nee,"December 30, 1904","June 5, 1981","Virden, Illinois",1904,1981.0
Ruth Beatrice Rasmusen,"March 29, 1899","October 27, 1974","Moorhead, Minnesota",1899,1974.0
Carolyn Grace Shover Quinn,"December 20, 1906","February 4, 1998","Grove City, Ohio",1906,1998.0
Harriet Madeline Griffin,"April 6, 1903","January 13, 1991","Brooklyn, New York",1903,1991.0
Anna Marguerite Marie Lehr,"October 22, 1898","December 14, 1987","Baltimore, Maryland",1898,1987.0
Ellen Clayton Stokes,"September 27, 1900","May 23, 1974","Hackensack, New Jersey",1900,1974.0
Mary Helen Sagal (Sznyter),"June 21, 1893","March 24, 1975","Woodhaven, New York",1893,1975.0
Marjorie Leffler Alden,"August 29, 1909","October 5, 2000","Kyle, Ohio",1909,2000.0
Elizabeth E. Mary Karl,"November 16, 1893","August 30, 1984",New York City,1893,1984.0
Marie Mathilda Yeaton,"March 1, 1898","March 19, 1978","Galesburg, Illinois",1898,1978.0
Helen Gertrude Russell,"September 28, 1901","October 24, 1968","Gorham, Maine",1901,1968.0
Ruth Ellen Gentry,"February 22, 1862","October 18, 1917","Stilesville, Indiana",1862,1917.0
Florence Marie Mears,"May 18, 1896","December 3, 1995","Baltimore, Maryland",1896,1995.0
Sister Marie Cecilia Mangold,"December 5, 1872","February 9, 1934","Cincinnati, Ohio",1872,1934.0
Clara Latimer Bacon,"August 13, 1866","April 14, 1948","Hillsgrove, Illinois",1866,1948.0
Sally Elizabeth Carlson,"October 2, 1896","November 1, 2000","Minneapolis, Minnesota",1896,2000.0
Jeanette Delevie (Fox),"January 13, 1912","July 29, 1997","New York, New York",1912,1997.0
Elizabeth Street Dickerman,"November 13, 1872","April 24, 1965","West Haven, Connecticut",1872,1965.0
Elsie Jeannette McFarland Buck,"June 3, 1897","January 11, 1984","St. Louis, Missouri",1897,1984.0
Rachel Adams (Blodgett),"October 13, 1894","January 22, 1982","Woburn, Massachusetts",1894,1982.0
Cleota Gage Fry,"December 30, 1910","July 1, 2001","Shoshone, Idaho",1910,2001.0
Ida Barney,"November 6, 1886","March 7, 1982","New Haven, Connecticut",1886,1982.0
Sister Mary de Lellis,"February 15, 1892","April 7, 1983","Kilmore, County Wexford, Ireland",1892,1983.0
Sister Mary Thomas `a Kempis Kloyda,"May 15, 1896","March 19, 1977","Manly, Iowa, USA",1896,1977.0
Clara Eliza Smith,"May 20, 1865","May 12, 1943","Northford, Connecticut",1865,1943.0
Nancy Cole,"October 15, 1902","July 7, 1991","Boston, Massachusetts",1902,1991.0
Joanna Isabel Mayer,"March 6, 1904","February 28, 1991","Pettis County, near Sedalia, Missouri",1904,1991.0
Mildred Caroline Somerset Waters Dean,"February 17, 1904","September 11, 1981","Baltimore, Maryland",1904,1981.0
Bird Margaret Turner,"April 18, 1877","September 5, 1962","Moundsville, West Virginia",1877,1962.0
Alice Madeleine Dimick,"December 6, 1878","July 13, 1956","Washington, D.C.",1878,1956.0
Jewell Constance Hughes Bushey,"March 13, 1896","May 5, 1989","Fayetteville, Arkansas",1896,1989.0
Eula Adeline Weeks King,"September 13, 1882","June 30, 1967","near Louisville, Georgia",1882,1967.0
Marguerite Daisy Darkow,"November 12, 1893","December 9, 1992","Philadelphia, United States",1893,1992.0
Sara Louise Nelson,"January 17, 1903","March 6, 1995","Oglethorpe, Georgia",1903,1995.0
Flora Elizabeth LeStourgeon,"June 1, 1880","February 6, 1971","Farmville, Virginia",1880,1971.0
Mabel Jeanette Griffin Reavis,"August 28, 1907","November 19, 1999","Durham, North Carolina",1907,1999.0
Anna Mayme Howe,"October 24, 1883","August 8, 1976","Jordan, New York",1883,1976.0
Ruby Usher Hightower,"June 17, 1880","May 5, 1959","near Covington, Georgia",1880,1959.0
Lennie Phoebe Copeland,"March 30, 1881","January 11, 1951","Brewer, Maine",1881,1951.0
Myrtie Collier,"September 14, 1877","June 25, 1974","Carthage, Missouri",1877,1974.0
Laura Guggenbuhl,"November 18, 1901","March 8, 1985","New York City, New York, USA",1901,1985.0
Marian Marsh Torrey,"December 9, 1893","September 16, 1971","Malden, Massachusetts",1893,1971.0
Ethel Isabel Moody,"February 9, 1905","April 11, 1941","Rushville, New York",1905,1941.0
Josephine Elizabeth Burns Glasgow,"July 22, 1887","January 22, 1969","Greenville, Illinois",1887,1969.0
Jessie Marie Offermann (Jacobs),"October 1, 1890","July 7, 1954","Wilmington, Delaware",1890,1954.0
Julia Trueman Colpitts,"February 22, 1875","August 8, 1936","Pointe de Bute, New Brunswick, Canada",1875,1936.0
Mae Ruth Anderson,"May 31, 1899","March 28, 1948","near Westby, Wisconsin",1899,1948.0
Louise Adelaide Wolf,"October 20, 1898","November 14, 1962","Milwaukee, Wisconsin",1898,1962.0
Frances Thorndike Cope,"August 19, 1902","May 14, 1982","New York City, New York, USA",1902,1982.0
Emma Kirtland McDonald,"August 3, 1886","July 7, 1948","Brooklyn, New York",1886,1948.0
Flora Dobler Sutton,"June 7, 1890","June 23, 1976","Baltimore, Maryland",1890,1976.0
Helen Mary Infeld,"July 20, 1907","July 6, 1993","The Bronx, New York City",1907,1993.0
Echo Delores Pepper,"June 3, 1897","January 5, 1979","Spokane, Washington, USA",1897,1979.0
Leona May Peirce,"August 4, 1863","September 27, 1954","Norway, Maine",1863,1954.0
Mary Margaret Taylor Speer,"March 27, 1906","November 23, 1966","Midway, Pennsylvania",1906,1966.0
Elizabeth Ruth Grennan (Bennett),"October 9, 1880","October 15, 1972","Shawnee, Monroe County, Pennsylvania",1880,1972.0
Rosa Lea Jackson,"May 7, 1883","January 15, 1967","Ripley, Tennessee",1883,1967.0
Sister Ann Elizabeth Shea,"September 19, 1900","May 14, 1957","St. Joseph, Missouri",1900,1957.0
Charlotte Cynthia Barnum,"May 17, 1860","March 27, 1934","Phillipston, Massachusetts",1860,1934.0
Mary Catherine Varnhorn,"July 8, 1914","November 9, 1988","Baltimore, Maryland",1914,1988.0
Charlotte Elvira Crathorne,"May 30, 1875","February 9, 1916","Juda, Wisconsin",1875,1916.0
Dorothy McCoy,"August 9, 1903","November 21, 2001","Waukomis, Oklahoma Territory",1903,2001.0
Katharine Elizabeth O'Brien,"April 10, 1901","April 10, 1998","Amesbury, Massachusetts",1901,1998.0
Gertrude Iona McCain,"July 15, 1879","April 4, 1955","Three Rivers, Michigan",1879,1955.0
Cora Barbara Hennel,"January 21, 1886","June 26, 1947","Evansville, Indiana",1886,1947.0
Julia Wells Bower,"December 27, 1903","February 19, 1999","Reading, Pennsylvania",1903,1999.0
Sister Leonarda Burke,"November 24, 1900","March 1, 1998","Boston, Massachusetts",1900,1998.0
Florence Lucile Black,"November 22, 1889","September 13, 1974","Meade County, Kansas",1889,1974.0
Sister Catharine Francis Galvin,"November 24, 1885","December 2, 1955","Spalding, Nebraska",1885,1955.0
Helen Calkins,"October 20, 1893","June 17, 1970","Quincy, Illinois",1893,1970.0
Rose Alice Whelan Sedgewick,"June 16, 1903","June 7, 2000","Brockton, Massachusetts",1903,2000.0
Helen Agnes Kelley,"September 8, 1888","October 22, 1926","Roxbury, Boston, Massachusetts",1888,1926.0
Pauline Sperry,"March 5, 1885","September 24, 1967","Peabody, Massachusetts",1885,1967.0
Agnes Sime Baxter,"March 18, 1870","March 9, 1917","Halifax, Nova Scotia, Canada",1870,1917.0
Sister Mary Laetitia Hill,"December 22, 1898","April 10, 1992","Koerth, Texas",1898,1992.0
Evelyn Carroll Rusk,"September 28, 1898","December 5, 1964","Rome, New York",1898,1964.0
Ruth Margaret Peters,"December 11, 1906","May 12, 1961","Gettysburg, Pennsylvania",1906,1961.0
Roxana Hayward Vivian,"December 9, 1871","May 31, 1961","Hyde Park, Massachusetts",1871,1961.0
Sister M. Helen Sullivan,"April 10, 1907","December 22, 1998","Effingham, Kansas",1907,1998.0
Mildred Ellen Taylor,"July 25, 1898","November 3, 1978","Virginia, Illinois",1898,1978.0
Lois Wilfred Griffiths,"June 27, 1899","November 9, 1981","Chagrin Falls, Ohio",1899,1981.0
Suzan Rose Benedict,"November 29, 1873","April 8, 1942","Ohio, USA",1873,1942.0
Marion Belle Greenebaum Epstein,"June 14, 1915",,"Brooklyn, New York",1915,
Vivian Eberle Spencer,"October 27, 1907","September 14, 1980","New Castle, Pennsylvania",1907,1980.0
Margaret Evelyn Mauch,"June 1, 1897","November 16, 1987","De Smet, South Dakota",1897,1987.0
Marian Augusta Wilder Thornton,"July 18, 1905","September 30, 1992","Shakopee, Minnesota",1905,1992.0
Dorothy Walcott Weeks,"May 3, 1893","June 4, 1990","Philadelphia, Pennsylvania",1893,1990.0
Vera Adela Widder (née Ames),"December 12, 1909","May 18, 2004","Milestone, Saskatchewan, Canada",1909,2004.0
Ruth Gertrude Simond,"March 7, 1904","September 15, 1958","Franklin, New Hampshire",1904,1958.0
Ruth Caroline McKee (Stauffer),"July 16, 1910","January 9, 1993","Harrisburg, Pennsylvania",1910,1993.0
Virginia Ragsdale,"December 13, 1870","June 4, 1945","Jamestown, North Carolina",1870,1945.0
Teresa Cohen,"February 14, 1892","August 10, 1992","Baltimore, Maryland",1892,1992.0
Marie Paula Litzinger,"May 14, 1899","April 7, 1952","Bedford, Pennsylvania",1899,1952.0
Sarah Elizabeth Cronin,"July 1, 1877","October 2, 1958","Iowa, probably in Allamakee County",1877,1958.0
Sister Mary Henrietta Reilly,"February 14, 1895","April 21, 1964","Chicago, Illinois",1895,1964.0
Mabel Frances Barnes (Schmeiser),"July 29, 1905","February 22, 1993","Wapello, Iowa",1905,1993.0
Sister Charles Mary Morrison,"July 19, 1895","January 15, 1953","Hyde Park, Massachusetts",1895,1953.0
Sister Mary Charlotte Fowler,"August 26, 1899","August 26, 1997","Mechanicsville, Maryland",1899,1997.0
Ruth Glidden Mason Ballard,"April 24, 1906","June 7, 1980","Chicago, Illinois",1906,1980.0
Annita Tuller,"December 30, 1910","August 29, 1994","Brooklyn, New York",1910,1994.0
Mary Barbara Haberzetle Turner,"June 4, 1912","November 16, 1983","Chicago, Illinois",1912,1983.0
Eleanor Pairman Brown,"June 8, 1896","September 14, 1973","Broomieknowe, Lasswade, Midlothian, Scotland",1896,1973.0
Florence Eliza Allen,"October 4, 1876","December 31, 1960","Horicon, Wisconsin",1876,1960.0
Helen Barten Brewster Owens,"April 2, 1881","June 6, 1968","Pleasanton, Linn County, Kansas",1881,1968.0
M. Gweneth Humphreys,"October 22, 1911","October 6, 2006","South Vancouver, British Columbia",1911,2006.0
Emily Matilda Coddington Williams,"October 21, 1873","August 8, 1952",New York City,1873,1952.0
Gertrude Blanch,"February 2, 1897","January 1, 1996","Kolno, Poland",1897,1996.0
Wealthy Consuelo Babcock,"November 18, 1895","April 10, 1990","Washington County, Kansas",1895,1990.0
Grace Brewster Murray Hopper,"December 9, 1906","January 1, 1992","New York City, New York, USA",1906,1992.0
Elizabeth Morgan Cooper,"January 19, 1891","May 17, 1967","Syracuse, New York",1891,1967.0
Mary Emily Sinclair,"September 27, 1878","June 3, 1955","Worcester, Massachusetts",1878,1955.0
Shu Ting Liu Hsia,"September 25, 1903","August 16, 1980","Beijing, China",1903,1980.0
Nola Lee Anderson Haynes,"January 9, 1897","December 21, 1996","Bucklin, Linn County, Missouri",1897,1996.0
Grace Andrews,"May 30, 1869","July 27, 1951","Brooklyn, New York",1869,1951.0
Emma Julia Olson,"December 7, 1892","November 14, 1981","Fairview, South Dakota",1892,1981.0
Annie Dale Andrews (Biddle),"December 13, 1885","April 14, 1940","Hanford, California",1885,1940.0
Louise Duffield Cummings,"November 21, 1870","May 9, 1947","Hamilton, Ontario, Canada",1870,1947.0
Marion Cameron Gray,"March 26, 1902","September 16, 1979","Ayr, Scotland",1902,1979.0
Frances Ellen Baker,"December 19, 1902","April 4, 1995","Anna, Illinois",1902,1995.0
Edna Ernestine Kramer,"May 11, 1902","July 9, 1984","New York, New York",1902,1984.0
Ada Isabel Maddison,"April 13, 1869","October 22, 1950","Whitehaven, Cumberland, England",1869,1950.0
Ruth Goulding Wood,"January 29, 1875","May 5, 1939","Central Falls, Rhode Island",1875,1939.0
Sister M. Leontius Schulte,"September 4, 1901","March 20, 2000","Cleveland, Wisconsin",1901,2000.0
Dorothy Bothwell Kohlmetz,"January 25, 1906","December 18, 1941","Albany, New York",1906,1941.0
Roberta Frances Johnson,"January 22, 1902","October 12, 1988","Philadelphia, Pennsylvania",1902,1988.0
Fannie Wilson Boyce,"March 16, 1897","February 13, 1986","Near Lentner, Shelby County, Missouri",1897,1986.0
Dorothy Elizabeth Brady (Stahl),"June 14, 1903","April 17, 1977","Elk River, Minnesota",1903,1977.0
Adrienne Sophie Rayl,"September 25, 1898","November 27, 1989","New Orleans, Louisiana",1898,1989.0
Mildred Hunt,"May 8, 1888","December 14, 1975","Fairport, New York",1888,1975.0
Rosella Kanarik,"February 7, 1909",,"Bartfa, Hungary",1909,
Anna Margaret Catherine Grant,"June 22, 1903","February 23, 1984","Springville, Pictou County, Nova Scotia, Canada",1903,1984.0
Gladys Elizabeth Corson Gibbens,"January 21, 1893","September 24, 1983","New Orleans, Louisiana",1893,1983.0
Eleanor Margaret Thuener,"October 25, 1880","September 29, 1977","Allegheny, Pennsylvania",1880,1977.0
Mayme Irwin Logsdon,"February 1, 1881","July 4, 1967","Elizabethtown, Kentucky",1881,1967.0
Hazel Edith Schoonmaker Wilson,"October 31, 1888","April 23, 1988","Philadelphia, Pennsylvania",1888,1988.0
Beatrice Aitchison,"July 18, 1908","September 22, 1997","Portland, Oregon",1908,1997.0
Elizabeth Stafford Hirschfelder,"April 25, 1902","September 29, 2002","Providence, Rhode Island",1902,2002.0
Miriam Freda Mazur (Becker),"March 30, 1909","March 5, 2000","New York, New York",1909,2000.0
Dorothy L. Bernstein,"April 11, 1914","February 5, 1988","Chicago, Illinois",1914,1988.0
Laura Louise Rosenbaum,"January 21, 1908","January 16, 1980","Carrollton, Illinois",1908,1980.0
Marguerite Lenore Hedberg,"August 27, 1907","August 27, 2002","Kirksville, Missouri",1907,2002.0
